"time","prediction","stde"
621,563.89967232118,421.562618948564
622,661.375120622752,741.580098121093
623,761.602381074929,950.216159222079
624,826.303962956911,1091.95971237125
625,884.417192811665,1174.86241635102
626,920.42965146499,1224.3532292706
627,950.519613105048,1250.72762898059
628,968.361955586055,1264.98083350828
629,982.614911888257,1271.94142434945
630,990.614912881702,1275.38447320737
